filename,sheet_index,sheet_name
8.2.2.3.2.1 Rollstamp BMW G07 Inspection.xlsx,0,BMW
8.2.2.3.3.2 Mytox Inspection.xls,0,102 Line Inspection
8.2.2.3.4.1 Laval Tool Inspection.xlsx,0,Laval Tool
8.2.2.3.4.2 Laval Tool Buff Inspection.xlsx,0,Laval Tool
8.2.2.3.4.2 Laval Tool Buff Inspection.xlsx,1,KANBAN SHEET
8.2.2.3.5.1 Metelix Inspection.xlsx,0,Spoilers
8.2.2.3.5.2 Metelix Buff Inspection.xlsx,0,Spoilers
8.2.2.3.5.3 Metelix Moulding-Sanding Inspection.xlsx,0,Spoilers
8.2.2.3.5.4 Metelix Hummer Painted Inspection.xlsx,0,Spoilers
8.2.2.3.5.5 Metelix Hummer Spoiler Application Tracker.xlsx,0,Sheet1
8.2.2.3.5.6 Metelix Y2XX Highwing Painted Inspection.xlsx,0,Spoilers
8.2.2.3.6.1 KB Components Inspection Sheet.xlsx,0,Laval Tool
8.2.2.3.6.2 KB Components Buffing Inspection Sheet.xlsx,0,Laval Tool
8.2.2.3.7.1 Tesla Buff Inspection.xlsx,0,MS Tesla
8.2.2.3.7.1 Tesla Buff Inspection.xlsx,1,MX Tesla
8.2.2.3.7.2 Tesla Inspection.xlsx,0,Spyder
8.2.2.3.7.2 Tesla Inspection.xlsx,1,Sheet1
8.2.2.3.7.3 Tesla GP12 Inspection.xlsx,0,Spyder
8.2.2.3.7.3 Tesla GP12 Inspection.xlsx,1,Sheet1
8.2.2.2.16 Misc Customers.xls,0,Misc
8.2.2.2.16 Misc Customers.xls,1,KANBAN SHEET
8.2.2.2.16 Misc Customers.xls,2,Sheet1
8.2.2.4.1 P2 Receiving Log Blank Template.xlsx,0,Jan
8.2.2.4.1 P2 Receiving Log Blank Template.xlsx,1,Feb
8.2.2.4.1 P2 Receiving Log Blank Template.xlsx,2,March
8.2.2.4.1 P2 Receiving Log Blank Template.xlsx,3,April
8.2.2.4.1 P2 Receiving Log Blank Template.xlsx,4,May
8.2.2.4.1 P2 Receiving Log Blank Template.xlsx,5,June
8.2.2.4.1 P2 Receiving Log Blank Template.xlsx,6,July
8.2.2.4.1 P2 Receiving Log Blank Template.xlsx,7,Aug
8.2.2.4.1 P2 Receiving Log Blank Template.xlsx,8,Sept
8.2.2.4.1 P2 Receiving Log Blank Template.xlsx,9,Oct
8.2.2.4.1 P2 Receiving Log Blank Template.xlsx,10,Nov
8.2.2.4.1 P2 Receiving Log Blank Template.xlsx,11,Dec
8.2.2.4.11 Mytox Packslip Template.xlsx,0,Sheet1
8.2.2.4.12 Rollstamp BMW Packslip Template.xlsx,0,Sheet1
8.2.2.4.12 Rollstamp BMW Packslip Template.xlsx,1,Sheet2
8.2.2.4.14 Laval Tool Packslip Template.xlsx,0,Sheet1
8.2.2.4.17 KB Components Packslip Template.xls,0,Sheet1
8.2.2.4.17 KB Components Packslip Template.xls,1,Sheet3
8.2.2.4.18 Polycon Packslip Template.xlsx,0,Sheet1
8.2.2.4.19 Plant 2 Polycon Tracker Template.xlsx,0,Receiving-Polycon
8.2.2.4.19 Plant 2 Polycon Tracker Template.xlsx,1,Shipping-Polycon
8.2.2.4.19 Plant 2 Polycon Tracker Template.xlsx,2,Releases
8.2.2.4.19 Plant 2 Polycon Tracker Template.xlsx,3,waterfall
8.2.2.4.19 Plant 2 Polycon Tracker Template.xlsx,4,MRP
8.2.2.4.19 Plant 2 Polycon Tracker Template.xlsx,5,Parts Legend
8.2.2.4.2 P2 General Pack Slip Template.xls,0,Sheet1
8.2.2.4.2 P2 General Pack Slip Template.xls,1,Sheet3
8.2.2.4.20 Metelix Demand and Production Tracker Template.xlsx,0,Shipping
8.2.2.4.20 Metelix Demand and Production Tracker Template.xlsx,1,Releases
8.2.2.4.20 Metelix Demand and Production Tracker Template.xlsx,2,waterfall
8.2.2.4.20 Metelix Demand and Production Tracker Template.xlsx,3,Receiving
8.2.2.4.20 Metelix Demand and Production Tracker Template.xlsx,4,MRP
8.2.2.4.20 Metelix Demand and Production Tracker Template.xlsx,5,Part legend
8.2.2.4.20 Metelix Demand and Production Tracker Template.xlsx,6,Recovery
8.2.2.4.20 Metelix Demand and Production Tracker Template.xlsx,7,RMA
8.2.2.4.20 Metelix Demand and Production Tracker Template.xlsx,8,Summary
8.2.2.4.21 Laval Tracker template.xlsx,0,Instructions
8.2.2.4.21 Laval Tracker template.xlsx,1,Receiving
8.2.2.4.21 Laval Tracker template.xlsx,2,Shipping
8.2.2.4.21 Laval Tracker template.xlsx,3,MRP
8.2.2.4.21 Laval Tracker template.xlsx,4,Releases
8.2.2.4.21 Laval Tracker template.xlsx,5,Parts Legend
8.2.2.4.21 Laval Tracker template.xlsx,6,Shipping total
8.2.2.4.22 KB Components Tracker - Template.xlsx,0,Receiving
8.2.2.4.22 KB Components Tracker - Template.xlsx,1,Shipping
8.2.2.4.22 KB Components Tracker - Template.xlsx,2,MRP
8.2.2.4.22 KB Components Tracker - Template.xlsx,3,Parts Legend
8.2.2.4.22 KB Components Tracker - Template.xlsx,4,Releases
8.2.2.4.22 KB Components Tracker - Template.xlsx,5,waterfall
8.2.2.4.3 P2 Daily Shipping Report Template.xlsx,0,Jan
8.2.2.4.3 P2 Daily Shipping Report Template.xlsx,1,Feb
8.2.2.4.3 P2 Daily Shipping Report Template.xlsx,2,Mar
8.2.2.4.3 P2 Daily Shipping Report Template.xlsx,3,Apr
8.2.2.4.3 P2 Daily Shipping Report Template.xlsx,4,May
8.2.2.4.3 P2 Daily Shipping Report Template.xlsx,5,Jun
8.2.2.4.3 P2 Daily Shipping Report Template.xlsx,6,Jul
8.2.2.4.3 P2 Daily Shipping Report Template.xlsx,7,Aug
8.2.2.4.3 P2 Daily Shipping Report Template.xlsx,8,Sept
8.2.2.4.3 P2 Daily Shipping Report Template.xlsx,9,Oct
8.2.2.4.3 P2 Daily Shipping Report Template.xlsx,10,Nov
8.2.2.4.3 P2 Daily Shipping Report Template.xlsx,11,Dec
8.2.2.4.3 P2 Daily Shipping Report Template.xlsx,12,Totals
8.2.2.4.4 P2 Monthly Totals Template.xlsx,0,Sheet1
8.2.2.4.4 P2 Monthly Totals Template.xlsx,1,Sheet2
8.2.2.4.5 P2 Monthly Delivery Performance Template .xlsx,0,Monthly
8.2.2.4.5 P2 Monthly Delivery Performance Template .xlsx,1,Daily
8.2.2.4.9 Metelix Packslip Template.xlsx,0,Sheet1
